weekday,date,group,start_time,end_time,subject,teacher,room,building,lesson_type
,2026-09-28,ИСР-242уск,11:30,12:20,Банковские информационные системы,Глюк Елена Степановна,315,Корпус АТИ,Л
,2026-09-28,ИСР-242уск,16:40,17:30,Системы 1С: бухгалтерия,Макатова Асия,319/1,Корпус АТИ,СПЗ
,2026-09-28,ИСР-242уск,17:40,18:30,Системное программирование,Насіп Ерқанат Ермекұлы,317,Корпус АТИ,ЛЗ
,2026-09-28,ИСР-242уск,18:40,19:30,Системное программирование,Насіп Ерқанат Ермекұлы,317,Корпус АТИ,ЛЗ
,2026-09-29,ИСР-242уск,09:30,10:20,Управление проектом,Насіп Ерқанат Ермекұлы,328,Корпус АТИ,ЛЗ
,2026-09-29,ИСР-242уск,10:30,11:20,Управление проектом,Насіп Ерқанат Ермекұлы,328,Корпус АТИ,ЛЗ
,2026-09-29,ИСР-242уск,11:30,12:20,Информационные системы проектирования и автоматизации,Жоламанова Динара,104,Корпус АТИ,Л
,2026-09-29,ИСР-242уск,12:30,13:20,Банковские информационные системы,Глюк Елена Степановна,319/1,Корпус АТИ,ЛЗ
,2026-09-29,ИСР-242уск,13:40,14:30,Банковские информационные системы,Глюк Елена Степановна,319/1,Корпус АТИ,ЛЗ
,2026-09-29,ИСР-242уск,14:40,15:30,Технология проектирования информационных систем,Макатова Асия,127 (комп. класс),Корпус АТИ,Л
,2026-09-30,ИСР-242уск,12:30,13:20,Геоинформационные системы,Макатов Ерхан,318,Корпус АТИ,Л
,2026-09-30,ИСР-242уск,13:40,14:30,Системы 1С: бухгалтерия,Макатова Асия,328,Корпус АТИ,ЛЗ
,2026-09-30,ИСР-242уск,14:40,15:30,Технология проектирования информационных систем,Макатова Асия,328,Корпус АТИ,ЛЗ
,2026-09-30,ИСР-242уск,15:40,16:30,Технология проектирования информационных систем,Макатова Асия,328,Корпус АТИ,ЛЗ
,2026-10-01,ИСР-242уск,10:30,11:20,Системное программирование,Куштан Юлия Витальевна,315,Корпус АТИ,Л
,2026-10-01,ИСР-242уск,11:30,12:20,ИТ-инфраструктура,Макатов Ерхан,315,Корпус АТИ,Л
,2026-10-01,ИСР-242уск,12:30,13:20,Управление проектом,Кубигенова Акку Тулегеновна,315,Корпус АТИ,ЛЗ
,2026-10-01,ИСР-242уск,13:40,14:30,Системы 1С: бухгалтерия,Макатова Асия,223,Корпус АТИ,Л
,2026-10-01,ИСР-242уск,14:40,15:30,Информационные системы проектирования и автоматизации,Смаилова Лайла,319/2,Корпус АТИ,ЛЗ
,2026-10-02,ИСР-242уск,12:30,13:20,ИТ-инфраструктура,Макатов Ерхан,328,Корпус АТИ,ЛЗ
,2026-10-02,ИСР-242уск,13:40,14:30,ИТ-инфраструктура,Макатов Ерхан,328,Корпус АТИ,ЛЗ
,2026-10-02,ИСР-242уск,14:40,15:30,Геоинформационные системы,Куштан Владимир,319/2,Корпус АТИ,ЛЗ
,2026-10-02,ИСР-242уск,15:40,16:30,Геоинформационные системы,Куштан Владимир,319/2,Корпус АТИ,ЛЗ
