weekday,group,start_time,end_time,subject,teacher,room
Понедельник,ИС-101,09:00,10:30,Алгоритмы,Пример преподавателя А.,101
Понедельник,ИС-101,10:45,12:15,Основы программирования,Пример преподавателя Б.,203
Вторник,ИС-101,09:00,10:30,Базы данных,Пример преподавателя В.,205
Вторник,ИС-101,13:00,14:30,Английский язык,Пример преподавателя Г.,105
Среда,ИС-101,10:45,12:15,Веб-разработка,Пример преподавателя Д.,206
Среда,ИС-101,13:00,14:30,Математика,Пример преподавателя Е.,301
Четверг,ИС-101,09:00,10:30,Компьютерные сети,Пример преподавателя Ж.,203
Пятница,ИС-101,10:45,12:15,История Казахстана,Пример преподавателя З.,104
Понедельник,ВТ-31,09:00,10:30,Основы веб-разработки,Пример преподавателя И.,205
Вторник,ВТ-31,10:45,12:15,Базы данных,Пример преподавателя К.,203
Среда,ВТ-31,09:00,10:30,Проектирование интерфейсов,Пример преподавателя Л.,206
Четверг,ВТ-31,13:00,14:30,Компьютерные сети,Пример преподавателя М.,301
Пятница,ВТ-31,09:00,10:30,Основы программирования,Пример преподавателя Н.,101
